{
	"pattrstorage" : 	{
		"name" : "storage",
		"slots" : 		{
			"1" : 			{
				"id" : 1,
				"data" : 				{
					"Window[1]::DisplayTYPE" : [ 1 ],
					"Window[1]::SoundAdress" : [ 1 ],
					"Window[1]::customMessage" : [ 250, 0, 150 ],
					"Window[1]::posX" : [ 244 ],
					"Window[1]::posY" : [ 371 ],
					"Window[1]::sizeX" : [ 44 ],
					"Window[1]::sizeY" : [ 56 ],
					"Window[2]::DisplayTYPE" : [ 1 ],
					"Window[2]::SoundAdress" : [ 8 ],
					"Window[2]::customMessage" : [ "<empty>" ],
					"Window[2]::posX" : [ 172 ],
					"Window[2]::posY" : [ 514 ],
					"Window[2]::sizeX" : [ 46 ],
					"Window[2]::sizeY" : [ 66 ],
					"Window[3]::DisplayTYPE" : [ 1 ],
					"Window[3]::SoundAdress" : [ 35 ],
					"Window[3]::customMessage" : [ 255, 133, 0 ],
					"Window[3]::posX" : [ 242 ],
					"Window[3]::posY" : [ 513 ],
					"Window[3]::sizeX" : [ 45 ],
					"Window[3]::sizeY" : [ 66 ],
					"Window[4]::DisplayTYPE" : [ 1 ],
					"Window[4]::SoundAdress" : [ 2 ],
					"Window[4]::customMessage" : [ "<empty>" ],
					"Window[4]::posX" : [ 314 ],
					"Window[4]::posY" : [ 513 ],
					"Window[4]::sizeX" : [ 42 ],
					"Window[4]::sizeY" : [ 67 ],
					"Window[5]::DisplayTYPE" : [ 1 ],
					"Window[5]::SoundAdress" : [ 0 ],
					"Window[5]::customMessage" : [ "<empty>" ],
					"Window[5]::posX" : [ 244 ],
					"Window[5]::posY" : [ 598 ],
					"Window[5]::sizeX" : [ 20 ],
					"Window[5]::sizeY" : [ 20 ],
					"Window[6]::DisplayTYPE" : [ 1 ],
					"Window[6]::SoundAdress" : [ 39 ],
					"Window[6]::customMessage" : [ 80, 80, 0 ],
					"Window[6]::posX" : [ 151 ],
					"Window[6]::posY" : [ 721 ],
					"Window[6]::sizeX" : [ 27 ],
					"Window[6]::sizeY" : [ 104 ],
					"Window[7]::DisplayTYPE" : [ 1 ],
					"Window[7]::SoundAdress" : [ 39 ],
					"Window[7]::customMessage" : [ 70, 70, 0 ],
					"Window[7]::posX" : [ 244 ],
					"Window[7]::posY" : [ 720 ],
					"Window[7]::sizeX" : [ 91 ],
					"Window[7]::sizeY" : [ 107 ],
					"Window[8]::DisplayTYPE" : [ 1 ],
					"Window[8]::SoundAdress" : [ 39 ],
					"Window[8]::customMessage" : [ 70, 70, 0 ],
					"Window[8]::posX" : [ 339 ],
					"Window[8]::posY" : [ 721 ],
					"Window[8]::sizeX" : [ 25 ],
					"Window[8]::sizeY" : [ 105 ],
					"Window[9]::DisplayTYPE" : [ 1 ],
					"Window[9]::SoundAdress" : [ 35 ],
					"Window[9]::customMessage" : [ 100, 0, 0 ],
					"Window[9]::posX" : [ 161 ],
					"Window[9]::posY" : [ 947 ],
					"Window[9]::sizeX" : [ 42 ],
					"Window[9]::sizeY" : [ 73 ],
					"Window[10]::DisplayTYPE" : [ 1 ],
					"Window[10]::SoundAdress" : [ 41 ],
					"Window[10]::customMessage" : [ 200, 0, 0 ],
					"Window[10]::posX" : [ 245 ],
					"Window[10]::posY" : [ 946 ],
					"Window[10]::sizeX" : [ 44 ],
					"Window[10]::sizeY" : [ 72 ],
					"Window[11]::DisplayTYPE" : [ 1 ],
					"Window[11]::SoundAdress" : [ 42 ],
					"Window[11]::customMessage" : [ 255, 0, 0 ],
					"Window[11]::posX" : [ 329 ],
					"Window[11]::posY" : [ 947 ],
					"Window[11]::sizeX" : [ 46 ],
					"Window[11]::sizeY" : [ 72 ],
					"Window[12]::DisplayTYPE" : [ 1 ],
					"Window[12]::SoundAdress" : [ 47 ],
					"Window[12]::customMessage" : [ 255, 255, 0 ],
					"Window[12]::posX" : [ 514 ],
					"Window[12]::posY" : [ 733 ],
					"Window[12]::sizeX" : [ 43 ],
					"Window[12]::sizeY" : [ 93 ],
					"Window[13]::DisplayTYPE" : [ 1 ],
					"Window[13]::SoundAdress" : [ 21 ],
					"Window[13]::customMessage" : [ 255, 0, 0 ],
					"Window[13]::posX" : [ 567 ],
					"Window[13]::posY" : [ 733 ],
					"Window[13]::sizeX" : [ 43 ],
					"Window[13]::sizeY" : [ 93 ],
					"Window[14]::DisplayTYPE" : [ 1 ],
					"Window[14]::SoundAdress" : [ 40 ],
					"Window[14]::customMessage" : [ 255, 150, 0 ],
					"Window[14]::posX" : [ 755 ],
					"Window[14]::posY" : [ 650 ],
					"Window[14]::sizeX" : [ 182 ],
					"Window[14]::sizeY" : [ 14 ],
					"Window[15]::DisplayTYPE" : [ 1 ],
					"Window[15]::SoundAdress" : [ 0 ],
					"Window[15]::customMessage" : [ "<empty>" ],
					"Window[15]::posX" : [ 692 ],
					"Window[15]::posY" : [ 733 ],
					"Window[15]::sizeX" : [ 33 ],
					"Window[15]::sizeY" : [ 92 ],
					"Window[16]::DisplayTYPE" : [ 1 ],
					"Window[16]::SoundAdress" : [ 0 ],
					"Window[16]::customMessage" : [ "<empty>" ],
					"Window[16]::posX" : [ 749 ],
					"Window[16]::posY" : [ 733 ],
					"Window[16]::sizeX" : [ 48 ],
					"Window[16]::sizeY" : [ 93 ],
					"Window[17]::DisplayTYPE" : [ 1 ],
					"Window[17]::SoundAdress" : [ 0 ],
					"Window[17]::customMessage" : [ "hehehe" ],
					"Window[17]::posX" : [ 810 ],
					"Window[17]::posY" : [ 732 ],
					"Window[17]::sizeX" : [ 37 ],
					"Window[17]::sizeY" : [ 93 ],
					"Window[18]::DisplayTYPE" : [ 1 ],
					"Window[18]::SoundAdress" : [ 37 ],
					"Window[18]::customMessage" : [ 255, 255, 0 ],
					"Window[18]::posX" : [ 942 ],
					"Window[18]::posY" : [ 731 ],
					"Window[18]::sizeX" : [ 41 ],
					"Window[18]::sizeY" : [ 91 ],
					"Window[19]::DisplayTYPE" : [ 1 ],
					"Window[19]::SoundAdress" : [ 20 ],
					"Window[19]::customMessage" : [ 0, 0, 255 ],
					"Window[19]::posX" : [ 994 ],
					"Window[19]::posY" : [ 732 ],
					"Window[19]::sizeX" : [ 40 ],
					"Window[19]::sizeY" : [ 91 ],
					"Window[20]::DisplayTYPE" : [ 1 ],
					"Window[20]::SoundAdress" : [ 45 ],
					"Window[20]::customMessage" : [ 255, 200, 0 ],
					"Window[20]::posX" : [ 568 ],
					"Window[20]::posY" : [ 904 ],
					"Window[20]::sizeX" : [ 40 ],
					"Window[20]::sizeY" : [ 88 ],
					"Window[21]::DisplayTYPE" : [ 1 ],
					"Window[21]::SoundAdress" : [ 14 ],
					"Window[21]::customMessage" : [ "hehehe" ],
					"Window[21]::posX" : [ 620 ],
					"Window[21]::posY" : [ 905 ],
					"Window[21]::sizeX" : [ 40 ],
					"Window[21]::sizeY" : [ 90 ],
					"Window[22]::DisplayTYPE" : [ 1 ],
					"Window[22]::SoundAdress" : [ 18 ],
					"Window[22]::customMessage" : [ "hehehe" ],
					"Window[22]::posX" : [ 724 ],
					"Window[22]::posY" : [ 893 ],
					"Window[22]::sizeX" : [ 29 ],
					"Window[22]::sizeY" : [ 72 ],
					"Window[23]::DisplayTYPE" : [ 1 ],
					"Window[23]::SoundAdress" : [ 36 ],
					"Window[23]::customMessage" : [ 255, 0, 0 ],
					"Window[23]::posX" : [ 784 ],
					"Window[23]::posY" : [ 893 ],
					"Window[23]::sizeX" : [ 28 ],
					"Window[23]::sizeY" : [ 71 ],
					"Window[24]::DisplayTYPE" : [ 1 ],
					"Window[24]::SoundAdress" : [ 6 ],
					"Window[24]::customMessage" : [ "<empty>" ],
					"Window[24]::posX" : [ 890 ],
					"Window[24]::posY" : [ 903 ],
					"Window[24]::sizeX" : [ 40 ],
					"Window[24]::sizeY" : [ 91 ],
					"Window[25]::DisplayTYPE" : [ 1 ],
					"Window[25]::SoundAdress" : [ 15 ],
					"Window[25]::customMessage" : [ 155, 0, 255 ],
					"Window[25]::posX" : [ 943 ],
					"Window[25]::posY" : [ 904 ],
					"Window[25]::sizeX" : [ 43 ],
					"Window[25]::sizeY" : [ 92 ],
					"Window[26]::DisplayTYPE" : [ 1 ],
					"Window[26]::SoundAdress" : [ 35 ],
					"Window[26]::customMessage" : [ 255, 133, 0 ],
					"Window[26]::posX" : [ 1198 ],
					"Window[26]::posY" : [ 453 ],
					"Window[26]::sizeX" : [ 39 ],
					"Window[26]::sizeY" : [ 30 ],
					"Window[27]::DisplayTYPE" : [ 1 ],
					"Window[27]::SoundAdress" : [ 22 ],
					"Window[27]::customMessage" : [ 100, 0, 100 ],
					"Window[27]::posX" : [ 1107 ],
					"Window[27]::posY" : [ 570 ],
					"Window[27]::sizeX" : [ 30 ],
					"Window[27]::sizeY" : [ 59 ],
					"Window[28]::DisplayTYPE" : [ 1 ],
					"Window[28]::SoundAdress" : [ 36 ],
					"Window[28]::customMessage" : [ 255, 133, 0 ],
					"Window[28]::posX" : [ 1148 ],
					"Window[28]::posY" : [ 570 ],
					"Window[28]::sizeX" : [ 35 ],
					"Window[28]::sizeY" : [ 61 ],
					"Window[29]::DisplayTYPE" : [ 1 ],
					"Window[29]::SoundAdress" : [ 38 ],
					"Window[29]::customMessage" : [ 100, 200, 0 ],
					"Window[29]::posX" : [ 1249 ],
					"Window[29]::posY" : [ 570 ],
					"Window[29]::sizeX" : [ 33 ],
					"Window[29]::sizeY" : [ 61 ],
					"Window[30]::DisplayTYPE" : [ 1 ],
					"Window[30]::SoundAdress" : [ 10 ],
					"Window[30]::customMessage" : [ 0, 200, 100 ],
					"Window[30]::posX" : [ 1291 ],
					"Window[30]::posY" : [ 570 ],
					"Window[30]::sizeX" : [ 30 ],
					"Window[30]::sizeY" : [ 60 ],
					"Window[31]::DisplayTYPE" : [ 1 ],
					"Window[31]::SoundAdress" : [ 4 ],
					"Window[31]::customMessage" : [ 200, 0, 200 ],
					"Window[31]::posX" : [ 1112 ],
					"Window[31]::posY" : [ 730 ],
					"Window[31]::sizeX" : [ 46 ],
					"Window[31]::sizeY" : [ 90 ],
					"Window[32]::DisplayTYPE" : [ 1 ],
					"Window[32]::SoundAdress" : [ 48 ],
					"Window[32]::customMessage" : [ 0, 255, 0 ],
					"Window[32]::posX" : [ 1200 ],
					"Window[32]::posY" : [ 730 ],
					"Window[32]::sizeX" : [ 44 ],
					"Window[32]::sizeY" : [ 91 ],
					"Window[33]::DisplayTYPE" : [ 1 ],
					"Window[33]::SoundAdress" : [ 43 ],
					"Window[33]::customMessage" : [ 0, 0, 255 ],
					"Window[33]::posX" : [ 1290 ],
					"Window[33]::posY" : [ 730 ],
					"Window[33]::sizeX" : [ 44 ],
					"Window[33]::sizeY" : [ 90 ],
					"Window[34]::DisplayTYPE" : [ 1 ],
					"Window[34]::SoundAdress" : [ 38 ],
					"Window[34]::customMessage" : [ 200, 200, 0 ],
					"Window[34]::posX" : [ 1111 ],
					"Window[34]::posY" : [ 901 ],
					"Window[34]::sizeX" : [ 44 ],
					"Window[34]::sizeY" : [ 90 ],
					"Window[35]::DisplayTYPE" : [ 0 ],
					"Window[35]::SoundAdress" : [ 35 ],
					"Window[35]::customMessage" : [ 200, 200, 0 ],
					"Window[35]::posX" : [ 1201 ],
					"Window[35]::posY" : [ 900 ],
					"Window[35]::sizeX" : [ 44 ],
					"Window[35]::sizeY" : [ 90 ],
					"Window[36]::DisplayTYPE" : [ 1 ],
					"Window[36]::SoundAdress" : [ 19 ],
					"Window[36]::customMessage" : [ 100, 0, 100 ],
					"Window[36]::posX" : [ 1290 ],
					"Window[36]::posY" : [ 901 ],
					"Window[36]::sizeX" : [ 45 ],
					"Window[36]::sizeY" : [ 90 ],
					"Window[37]::DisplayTYPE" : [ 1 ],
					"Window[37]::SoundAdress" : [ 12 ],
					"Window[37]::customMessage" : [ 200, 0, 200 ],
					"Window[37]::posX" : [ 1468 ],
					"Window[37]::posY" : [ 462 ],
					"Window[37]::sizeX" : [ 18 ],
					"Window[37]::sizeY" : [ 33 ],
					"Window[38]::DisplayTYPE" : [ 1 ],
					"Window[38]::SoundAdress" : [ 9 ],
					"Window[38]::customMessage" : [ 0, 100, 100 ],
					"Window[38]::posX" : [ 1409 ],
					"Window[38]::posY" : [ 553 ],
					"Window[38]::sizeX" : [ 24 ],
					"Window[38]::sizeY" : [ 53 ],
					"Window[39]::DisplayTYPE" : [ 1 ],
					"Window[39]::SoundAdress" : [ 25 ],
					"Window[39]::customMessage" : [ 100, 0, 100 ],
					"Window[39]::posX" : [ 1494 ],
					"Window[39]::posY" : [ 628 ],
					"Window[39]::sizeX" : [ 46 ],
					"Window[39]::sizeY" : [ 74 ],
					"Window[40]::DisplayTYPE" : [ 1 ],
					"Window[40]::SoundAdress" : [ 17 ],
					"Window[40]::customMessage" : [ 0, 100, 100 ],
					"Window[40]::posX" : [ 1409 ],
					"Window[40]::posY" : [ 673 ],
					"Window[40]::sizeX" : [ 21 ],
					"Window[40]::sizeY" : [ 54 ],
					"Window[41]::DisplayTYPE" : [ 1 ],
					"Window[41]::SoundAdress" : [ 27 ],
					"Window[41]::customMessage" : [ "<empty>" ],
					"Window[41]::posX" : [ 1409 ],
					"Window[41]::posY" : [ 747 ],
					"Window[41]::sizeX" : [ 23 ],
					"Window[41]::sizeY" : [ 53 ],
					"Window[42]::DisplayTYPE" : [ 1 ],
					"Window[42]::SoundAdress" : [ 11 ],
					"Window[42]::customMessage" : [ "<empty>" ],
					"Window[42]::posX" : [ 1494 ],
					"Window[42]::posY" : [ 747 ],
					"Window[42]::sizeX" : [ 48 ],
					"Window[42]::sizeY" : [ 51 ],
					"Window[43]::DisplayTYPE" : [ 1 ],
					"Window[43]::SoundAdress" : [ 35 ],
					"Window[43]::customMessage" : [ 200, 200, 0 ],
					"Window[43]::posX" : [ 1408 ],
					"Window[43]::posY" : [ 917 ],
					"Window[43]::sizeX" : [ 47 ],
					"Window[43]::sizeY" : [ 128 ],
					"Window[44]::DisplayTYPE" : [ 1 ],
					"Window[44]::SoundAdress" : [ 34 ],
					"Window[44]::customMessage" : [ 250, 0, 255 ],
					"Window[44]::posX" : [ 1494 ],
					"Window[44]::posY" : [ 900 ],
					"Window[44]::sizeX" : [ 46 ],
					"Window[44]::sizeY" : [ 93 ],
					"Window[46]::DisplayTYPE" : [ 1 ],
					"Window[46]::SoundAdress" : [ 13 ],
					"Window[46]::customMessage" : [ 0, 255, 0 ],
					"Window[46]::posX" : [ 1604 ],
					"Window[46]::posY" : [ 723 ],
					"Window[46]::sizeX" : [ 42 ],
					"Window[46]::sizeY" : [ 96 ],
					"Window[47]::DisplayTYPE" : [ 1 ],
					"Window[47]::SoundAdress" : [ 8 ],
					"Window[47]::customMessage" : [ 0, 0, 255 ],
					"Window[47]::posX" : [ 1659 ],
					"Window[47]::posY" : [ 722 ],
					"Window[47]::sizeX" : [ 43 ],
					"Window[47]::sizeY" : [ 96 ],
					"Window[48]::DisplayTYPE" : [ 1 ],
					"Window[48]::SoundAdress" : [ 35 ],
					"Window[48]::customMessage" : [ 255, 255, 0 ],
					"Window[48]::posX" : [ 1604 ],
					"Window[48]::posY" : [ 897 ],
					"Window[48]::sizeX" : [ 44 ],
					"Window[48]::sizeY" : [ 94 ],
					"Window[49]::DisplayTYPE" : [ 1 ],
					"Window[49]::SoundAdress" : [ 36 ],
					"Window[49]::customMessage" : [ 255, 255, 0 ],
					"Window[49]::posX" : [ 1659 ],
					"Window[49]::posY" : [ 897 ],
					"Window[49]::sizeX" : [ 42 ],
					"Window[49]::sizeY" : [ 96 ],
					"Window[50]::DisplayTYPE" : [ 1 ],
					"Window[50]::SoundAdress" : [ 45 ],
					"Window[50]::customMessage" : [ 255, 0, 100 ],
					"Window[50]::posX" : [ 1751 ],
					"Window[50]::posY" : [ 565 ],
					"Window[50]::sizeX" : [ 24 ],
					"Window[50]::sizeY" : [ 34 ],
					"Window[55]::DisplayTYPE" : [ 1 ],
					"Window[55]::SoundAdress" : [ 46 ],
					"Window[55]::customMessage" : [ 100, 0, 100 ],
					"Window[55]::posX" : [ 1807 ],
					"Window[55]::posY" : [ 981 ],
					"Window[55]::sizeX" : [ 63 ],
					"Window[55]::sizeY" : [ 58 ],
					"Window[51]::DisplayTYPE" : [ 1 ],
					"Window[51]::SoundAdress" : [ 46 ],
					"Window[51]::customMessage" : [ 255, 0, 0 ],
					"Window[51]::posX" : [ 1810 ],
					"Window[51]::posY" : [ 561 ],
					"Window[51]::sizeX" : [ 33 ],
					"Window[51]::sizeY" : [ 32 ],
					"Window[52]::DisplayTYPE" : [ 1 ],
					"Window[52]::SoundAdress" : [ 42 ],
					"Window[52]::customMessage" : [ 255, 0, 0 ],
					"Window[52]::posX" : [ 1868 ],
					"Window[52]::posY" : [ 564 ],
					"Window[52]::sizeX" : [ 23 ],
					"Window[52]::sizeY" : [ 31 ],
					"Window[53]::DisplayTYPE" : [ 1 ],
					"Window[53]::SoundAdress" : [ 12 ],
					"Window[53]::customMessage" : [ 0, 200, 200 ],
					"Window[53]::posX" : [ 1810 ],
					"Window[53]::posY" : [ 663 ],
					"Window[53]::sizeX" : [ 58 ],
					"Window[53]::sizeY" : [ 38 ],
					"Window[54]::DisplayTYPE" : [ 1 ],
					"Window[54]::SoundAdress" : [ 5 ],
					"Window[54]::customMessage" : [ 100, 0, 100 ],
					"Window[54]::posX" : [ 1809 ],
					"Window[54]::posY" : [ 822 ],
					"Window[54]::sizeX" : [ 59 ],
					"Window[54]::sizeY" : [ 89 ]
				}

			}

		}

	}

}
